Actual Safety Score,Predicted Safety Score
92.12,92.51466506959285
95.55,96.3862425165437
92.97,92.73691483298386
75.96,79.56649771796818
71.9,72.80321601821589
87.28,87.23584645102024
54.8,54.79321182554986
89.07,89.82932634705939
80.64,80.30932405655862
51.6,50.852886959240394
50.74,51.84136317688804
84.62,84.96427700922969
69.32,69.8072127246232
96.49,97.64032815515164
95.55,96.27461017080735
94.77,95.84017610652026
